CAGR,MDD,AnnualVol,Sharpe,Sortino,Calmar,WinRateDaily,ProfitFactor,UlcerIndex,BetaVsQQQ,MaxDDDurationDays,AfterTaxCAGR
0.35066486975637434,-0.34219205314035617,0.36537504361336354,1.0075630420661803,1.0970170929933365,1.0247604131605677,0.39096106724748164,1.23190946414525,14.589610818069007,1.0198818824695672,381.0,0.32160794874470056
