{
  "baseline": {
    "name": "baseline",
    "family": "baseline",
    "pretax_cagr": 0.4156743616862226,
    "aftertax_cagr": 0.3859792803756308,
    "pretax_mdd": -0.40467363761426745,
    "aftertax_mdd": -0.5343459511576858,
    "is_aftertax_cagr": 0.4308985010729598,
    "oos_aftertax_cagr": 0.2936024227756351,
    "oos_retention": 0.6813725785644408,
    "oos_pass": false,
    "total_tax_paid_krw": 4216176717.128256,
    "turnover": 102.35,
    "rows": 3673
  },
  "strict_candidate_count": 2,
  "strict_oos_candidate_count": 0,
  "best_overall": {
    "name": "A/fine/0003",
    "family": "A",
    "pretax_cagr": 0.4160438283107244,
    "aftertax_cagr": 0.386337116394718,
    "pretax_mdd": -0.40466871594150233,
    "aftertax_mdd": -0.534457328200968,
    "is_aftertax_cagr": 0.43141559660037876,
    "oos_aftertax_cagr": 0.2936258629370496,
    "oos_retention": 0.6806102172727796,
    "oos_pass": false,
    "total_tax_paid_krw": 4232720130.8908772,
    "turnover": 100.54999999999998,
    "rows": 3673,
    "params_json": "{\"dist200_enter\": 101.21, \"dist200_exit\": 99.81, \"overheat1_enter\": 139.0, \"overheat2_enter\": 146.0, \"overheat3_enter\": 149.0, \"overheat4_enter\": 151.0, \"slope_thr\": 0.11, \"tp10_cap\": 0.95, \"tp10_trigger\": 0.1, \"vol_threshold\": 0.059}",
    "mdd_pass": true,
    "delta_aftertax_cagr": 0.00035783601908723206,
    "delta_pretax_mdd": 4.9216727651124614e-06,
    "strict_pass": true,
    "strict_oos_pass": false,
    "near_miss": true
  },
  "best_strict": {
    "name": "A/fine/0003",
    "family": "A",
    "pretax_cagr": 0.4160438283107244,
    "aftertax_cagr": 0.386337116394718,
    "pretax_mdd": -0.40466871594150233,
    "aftertax_mdd": -0.534457328200968,
    "is_aftertax_cagr": 0.43141559660037876,
    "oos_aftertax_cagr": 0.2936258629370496,
    "oos_retention": 0.6806102172727796,
    "oos_pass": false,
    "total_tax_paid_krw": 4232720130.8908772,
    "turnover": 100.54999999999998,
    "rows": 3673,
    "params_json": "{\"dist200_enter\": 101.21, \"dist200_exit\": 99.81, \"overheat1_enter\": 139.0, \"overheat2_enter\": 146.0, \"overheat3_enter\": 149.0, \"overheat4_enter\": 151.0, \"slope_thr\": 0.11, \"tp10_cap\": 0.95, \"tp10_trigger\": 0.1, \"vol_threshold\": 0.059}",
    "mdd_pass": true,
    "delta_aftertax_cagr": 0.00035783601908723206,
    "delta_pretax_mdd": 4.9216727651124614e-06,
    "strict_pass": true,
    "strict_oos_pass": false,
    "near_miss": true
  },
  "best_strict_oos": null,
  "family_counts": {
    "A": 154,
    "C-on-A": 3,
    "B-on-A": 3,
    "C": 2,
    "B": 2,
    "baseline": 1
  }
}