{
  "params_json": "{\"dist200_enter\": 101.19, \"dist200_exit\": 99.79, \"overheat1_enter\": 139.0, \"overheat2_enter\": 146.0, \"overheat3_enter\": 149.0, \"overheat4_enter\": 151.0, \"slope_thr\": 0.09, \"tp10_cap\": 0.97, \"tp10_trigger\": 0.1, \"vol_threshold\": 0.059}",
  "pretax_cagr": 0.4280831896985637,
  "aftertax_cagr": 0.3981461895474141,
  "pretax_mdd": -0.4087782647657388,
  "mdd_pass": true,
  "is_aftertax_cagr": 0.4408315490001113,
  "oos_aftertax_cagr": 0.3105096867077948,
  "oos_retention": 0.7043726507598855,
  "oos_pass": true,
  "total_tax_paid_krw": 4785549601.181019,
  "rows": 3673,
  "trial_id": "fine_0010"
}