{
  "overlay_type": "soft_overheat_buffer",
  "overlay_json": "{\"cap_weight\": 0.9, \"enter_dist\": 126.0, \"exit_dist\": 123.0, \"min_risk_weight\": 0.95}",
  "active_days": 703,
  "pretax_cagr": 0.4207127345195494,
  "aftertax_cagr": 0.3908423537447874,
  "pretax_mdd": -0.39232989150383646,
  "aftertax_mdd": -0.5161525454553573,
  "is_aftertax_cagr": 0.43195702850340667,
  "oos_aftertax_cagr": 0.3065554394854657,
  "oos_retention": 0.7096896664642373,
  "oos_pass": true,
  "turnover_units": 106.30999999999999,
  "total_tax_paid_krw": 4449192371.626278,
  "delta_aftertax_cagr_vs_orig": 0.00486307336915659,
  "delta_pretax_mdd_vs_orig": 0.012343746110430986,
  "delta_aftertax_mdd_vs_orig": 0.018193405702328524,
  "delta_aftertax_cagr_vs_phase2": -0.007303835802626724,
  "delta_pretax_mdd_vs_phase2": 0.016448373261902405
}