{
  "windows": 6,
  "improved_windows": 5,
  "not_improved_windows": 1,
  "avg_delta_aftertax_cagr": 0.006528719371624432,
  "min_delta_aftertax_cagr": -0.0018924151454284832,
  "max_delta_aftertax_cagr": 0.011305284937623616
}