{
  "windows": 5,
  "improved_windows": 5,
  "not_improved_windows": 0,
  "avg_delta_aftertax_cagr": 0.0079993989402384,
  "min_delta_aftertax_cagr": 0.0033122029546794884,
  "max_delta_aftertax_cagr": 0.012166909171783313
}